{
    "BubbleSort": {
        "real-dates": {
            "0.1": {
                "time": 18.257462331,
                "space": 10001,
                "std": 0.051897495599255765
            },
            "0.3": {
                "time": 12.403849437199995,
                "space": 10001,
                "std": 0.015021322452670651
            },
            "0.5": {
                "time": 7.128741311800013,
                "space": 10001,
                "std": 0.012252587606319202
            },
            "0.7": {
                "time": 1.478839809599998,
                "space": 10001,
                "std": 0.0030018276540337125
            },
            "0.9": {
                "time": 1.1884300194000048,
                "space": 10001,
                "std": 0.006403063733799067
            },
            "1": {
                "time": 0.0013881857999990643,
                "space": 10000,
                "std": 4.9325219523985036e-05
            }
        },
        "real-ids": {
            "0.1": {
                "time": 18.813862716000017,
                "space": 10001,
                "std": 0.018584413511802435
            },
            "0.3": {
                "time": 13.32326159759998,
                "space": 10001,
                "std": 0.03156443524812074
            },
            "0.5": {
                "time": 8.57497878879999,
                "space": 10001,
                "std": 0.03169497417941966
            },
            "0.7": {
                "time": 4.5524266750000155,
                "space": 10001,
                "std": 0.0157107454488222
            },
            "0.9": {
                "time": 1.3261296181999795,
                "space": 10001,
                "std": 0.004483368723371486
            },
            "1": {
                "time": 0.001303889399991931,
                "space": 10000,
                "std": 8.117041757314293e-05
            }
        },
        "synth-lognormal": {
            "0.1": {
                "time": 18.949342009400016,
                "space": 10001,
                "std": 0.020278654398220755
            },
            "0.3": {
                "time": 13.46520843440003,
                "space": 10001,
                "std": 0.016882907319124812
            },
            "0.5": {
                "time": 8.7478707492,
                "space": 10001,
                "std": 0.03467650530871887
            },
            "0.7": {
                "time": 4.698582167799986,
                "space": 10001,
                "std": 0.011251031307210797
            },
            "0.9": {
                "time": 1.384778338599972,
                "space": 10001,
                "std": 0.007472418684523529
            },
            "1": {
                "time": 0.0012847362000229623,
                "space": 10000,
                "std": 3.150995302174593e-05
            }
        },
        "synth-normal": {
            "0.1": {
                "time": 18.968817274199957,
                "space": 10001,
                "std": 0.017836754647909552
            },
            "0.3": {
                "time": 13.501449505399979,
                "space": 10001,
                "std": 0.025577959682898593
            },
            "0.5": {
                "time": 8.747556929599932,
                "space": 10001,
                "std": 0.02314236003803357
            },
            "0.7": {
                "time": 4.708739297399961,
                "space": 10001,
                "std": 0.005773059840331291
            },
            "0.9": {
                "time": 1.4504493281999657,
                "space": 10001,
                "std": 0.019742642120110027
            },
            "1": {
                "time": 0.0012729080001008697,
                "space": 10000,
                "std": 4.801568164540617e-05
            }
        }
    },
    "InsertionSort": {
        "real-dates": {
            "0.1": {
                "time": 8.473559196600002,
                "space": 19999,
                "std": 0.020506569152846606
            },
            "0.3": {
                "time": 4.483866481200005,
                "space": 19999,
                "std": 0.012401791820649023
            },
            "0.5": {
                "time": 1.4894710720000148,
                "space": 19999,
                "std": 0.014228657238301178
            },
            "0.7": {
                "time": 0.5185931894000078,
                "space": 19999,
                "std": 0.004688322479464536
            },
            "0.9": {
                "time": 0.09952850280001257,
                "space": 19999,
                "std": 0.001022037776102927
            },
            "1": {
                "time": 0.004747701200017218,
                "space": 19997,
                "std": 0.00017903722413674565
            }
        },
        "real-ids": {
            "0.1": {
                "time": 10.323111606199973,
                "space": 19999,
                "std": 0.019763627234331005
            },
            "0.3": {
                "time": 6.235431009200011,
                "space": 19999,
                "std": 0.019867488324824354
            },
            "0.5": {
                "time": 3.1813300361999834,
                "space": 19999,
                "std": 0.010253934096383246
            },
            "0.7": {
                "time": 1.1453457082000114,
                "space": 19999,
                "std": 0.003175564816831099
            },
            "0.9": {
                "time": 0.13243402059999881,
                "space": 19999,
                "std": 0.002559133699753442
            },
            "1": {
                "time": 0.004584836600020026,
                "space": 19997,
                "std": 0.00019489003984188462
            }
        },
        "synth-lognormal": {
            "0.1": {
                "time": 10.263114329999961,
                "space": 19999,
                "std": 0.01405143705611295
            },
            "0.3": {
                "time": 6.232744537999906,
                "space": 19999,
                "std": 0.019624311520297075
            },
            "0.5": {
                "time": 3.1734041963999515,
                "space": 19999,
                "std": 0.010168962883202083
            },
            "0.7": {
                "time": 1.1431174889999511,
                "space": 19999,
                "std": 0.004051443107089636
            },
            "0.9": {
                "time": 0.1325182536000284,
                "space": 19999,
                "std": 0.0014482102618592215
            },
            "1": {
                "time": 0.004581874400082597,
                "space": 19997,
                "std": 0.0001934948267678222
            }
        },
        "synth-normal": {
            "0.1": {
                "time": 10.292961238999988,
                "space": 19999,
                "std": 0.007553639549510685
            },
            "0.3": {
                "time": 6.22549367280003,
                "space": 19999,
                "std": 0.008063631103109939
            },
            "0.5": {
                "time": 3.184367527600034,
                "space": 19999,
                "std": 0.006866469808955779
            },
            "0.7": {
                "time": 1.144056995999972,
                "space": 19999,
                "std": 0.0024679878878705454
            },
            "0.9": {
                "time": 0.1320303643999523,
                "space": 19999,
                "std": 0.0017967457246927576
            },
            "1": {
                "time": 0.004554317999964042,
                "space": 19997,
                "std": 0.0002025533390590852
            }
        }
    },
    "SelectionSort": {
        "real-dates": {
            "0.1": {
                "time": 5.0161964712000096,
                "space": 10001,